---DATA CUSTOMER
INSERT INTO customer (c_nrp, c_nama) VALUES
  ('5025250319', 'Michael Fitzpatrick'),
  ('5025250564', 'Linda Butler'),
  ('5025267974', 'Emily Mclaughlin'),
  ('5025261096', 'Mark Merritt'),
  ('5025244544', 'Briana Terrell'),
  ('5025257144', 'Dale Davis'),
  ('5025276816', 'Laura Olson'),
  ('5025241114', 'Stephanie Miller'),
  ('5025267537', 'Regina Pugh'),
  ('5025255453', 'Beth Ramsey'),
  ('5025271418', 'Abigail Stephens'),
  ('5025265722', 'Molly Wilson'),
  ('5025255025', 'Debra Brooks'),
  ('5025270242', 'Victoria Palmer'),
  ('5025273006', 'Jessica Dixon'),
  ('5025251181', 'Jackson Blair'),
  ('5025269510', 'Tracy Bowman'),
  ('5025272956', 'Hector Hernandez'),
  ('5025250844', 'Sarah Cook'),
  ('5025249041', 'Ashley Caldwell'),
  ('5025276052', 'Brenda Riley'),
  ('5025261227', 'Sharon Cox'),
  ('5025276968', 'Carmen Manning'),
  ('5025248555', 'Kevin Terry'),
  ('5025246116', 'Theresa Mendoza'),
  ('5025266819', 'Margaret Miller'),
  ('5025260863', 'Stacey Robinson'),
  ('5025270931', 'Nancy Vargas'),
  ('5025273950', 'Julie Barry'),
  ('5025240637', 'Nathan Kelly'),
  ('5025244853', 'Jay Hurst'),
  ('5025270873', 'Bryan Hart'),
  ('5025263419', 'Barbara Stein'),
  ('5025253150', 'Jill Rice'),
  ('5025260505', 'Carlos Thomas'),
  ('5025244517', 'Joseph Schmitt'),
  ('5025277845', 'Beth Wu MD'),
  ('5025241791', 'Alan Kane'),
  ('5025251951', 'Jonathan Fox'),
  ('5025244442', 'Carla Reilly'),
  ('5025240184', 'Lindsey Small'),
  ('5025278700', 'Casey Jackson'),
  ('5025276657', 'Susan Torres DDS'),
  ('5025275635', 'Steven Brown'),
  ('5025271424', 'Steven Owens'),
  ('5025253185', 'Kelsey Washington'),
  ('5025267994', 'Peter Hale'),
  ('5025245152', 'Douglas Mitchell'),
  ('5025248167', 'Lauren Mcdonald'),
  ('5025264138', 'Jill Mora');

--DATA KEDAI
INSERT INTO kedai (ked_id, ked_nama) VALUES
  ('K01', 'Warung Bu Sol'),
  ('K02', 'Kedai Mak Nanun'),
  ('K03', 'Kantin Mungil Informatika'),
  ('K04', 'Ombens IF');

--DATA MENU
INSERT INTO menu (mn_id, mn_nama, mn_harga, mn_jenis, kedai_ked_id) VALUES 
  ('C01', 'Mie Pangsit Ayam', 14000, 'Makanan', 'K02'),
  ('C02', 'Mie Pangsit Ayam Bakso', 16000, 'Makanan', 'K02'),
  ('C03', 'Mie Pangsit Ayam Ceker', 16000, 'Makanan', 'K02'),
  ('C04', 'Mie Pangsit Komplit', 16000, 'Makanan', 'K02'),
  ('C05', 'Siomay Biasa', 14000, 'Makanan', 'K02'),
  ('C06', 'Siomay Goreng', 16000, 'Makanan', 'K02'),
  ('C07', 'Nasi Goreng', 12000, 'Makanan', 'K02'),
  ('C08', 'Nasi Goreng Telur', 13000, 'Makanan', 'K02'),
  ('C09', 'Nasi Goreng Ayam', 15000, 'Makanan', 'K02'),
  ('C10', 'Nasi Goreng Spesial', 18000, 'Makanan', 'K02'),
  ('C11', 'Nasi Goreng Geprek', 17000, 'Makanan', 'K02'),
  ('C12', 'Nasi Geprek Ayam', 15000, 'Makanan', 'K02'),
  ('C13', 'Nasi Geprek Ayam Saus Telur Asin', 17000, 'Makanan', 'K02'),
  ('C14', 'Nasi Geprek Ayam Mozarella', 15000, 'Makanan', 'K02'),
  ('C15', 'Nasi Geprek Telur', 15000, 'Makanan', 'K02'),
  ('C16', 'Nasi Geprek Jeroan', 15000, 'Makanan', 'K02'),
  ('C17', 'Nasi Geprek Ayam Rempah', 15000, 'Makanan', 'K02'),
  ('C19', 'Kerupuk Bungkus', 3000, 'Makanan', 'K02'),
  ('C20', 'Nasi Campur', 10000, 'Makanan', 'K02'),
  ('C21', 'Nasi Krawu Ayam', 13000, 'Makanan', 'K02'),
  ('C22', 'Nasi Krawu Daging', 16000, 'Makanan', 'K02'),
  ('C23', 'Nasi Uduk', 13000, 'Makanan', 'K02'),
  ('C24', 'Nasi Ayam Lodoh', 10000, 'Makanan', 'K02'),
  ('C25', 'Kwetiaw Goreng', 15000, 'Makanan', 'K02'),
  ('C24', 'Bakso', 14000, 'Makanan', 'K02'),
  ('C25', 'Nasi Madura', 16000, 'Makanan', 'K01'),
  ('C26', 'Nasi Serpang', 18000, 'Makanan', 'K01'),
  ('C27', 'Nasi Kuning', 14000, 'Makanan', 'K01'),
  ('C28', 'Nasi Babat Madura', 13000, 'Makanan', 'K01'),
  ('C29', 'Nasi Gila', 12000, 'Makanan', 'K01'),
  ('C30', 'Nasi Rawon', 16000, 'Makanan', 'K01'),
  ('C31', 'Nasi Opor', 10000, 'Makanan', 'K01'),
  ('C32', 'Nasi Ayam Rica-Rica', 10000, 'Makanan', 'K01'),
  ('C33', 'Nasi Pecel + Peyek', 9000, 'Makanan', 'K01'),
  ('C34', 'Nasi Cumi Hitam', 10000, 'Makanan', 'K01'),
  ('C35', 'Chicken Steak Crispy', 13000, 'Makanan', 'K01'),
  ('C36', 'Chicken Steak Grilled', 13000, 'Makanan', 'K01'),
  ('C37', 'Chicken Blackpepper', 15000, 'Makanan', 'K01'),
  ('C38', 'Nasi Soto Daging', 17000, 'Makanan', 'K01'),
  ('C39', 'Nasi Soto Ayam', 15000, 'Makanan', 'K01'),
  ('C40', 'Soto Mie Bogor', 17000, 'Makanan', 'K01'),
  ('C41', 'Tahu Telor', 14000, 'Makanan', 'K01'),
  ('C42', 'Tahu Tek', 12000, 'Makanan', 'K01'),
  ('C43', 'Ketoprak', 14000, 'Makanan', 'K01'),
  ('C44', 'Gado-Gado', 14000, 'Makanan', 'K01'),
  ('C45', 'Batagor', 6000, 'Makanan', 'K01'),
  ('C46', 'Nasi Putih', 3000, 'Makanan', 'K01'),
  ('C47', 'Ayam Goreng', 5000, 'Makanan', 'K01'),
  ('C48', 'Telor Ceplok', 3000, 'Makanan', 'K01'),
  ('C49', 'Telor Dadar', 3000, 'Makanan', 'K01'),
  ('C50', 'Bakwan Jagung', 1000, 'Makanan', 'K01'),
  ('C51', 'Tahu/Tempe', 1000, 'Makanan', 'K01'),
  ('C52', 'Stee Minuman Teh Melati', 4000, 'Minuman', 'K03'),
  ('C53', 'Club Air Mineral', 3000, 'Minuman', 'K03'),
  ('C54', 'Golda Coffee Cappucino', 5000, 'Minuman', 'K03'),
  ('C55', 'You C1000 Health Drink Vitamin Orange', 10000, 'Minuman', 'K03'),
  ('C56', 'Floridina', 5000, 'Minuman', 'K03'),
  ('C57', 'Ultra Susu Uht Steril Slim Coklat', 9000, 'Minuman', 'K03'),
  ('C58', 'Teh Kotak', 5500, 'Minuman', 'K03'),
  ('C59', 'Mizone', 6000, 'Minuman', 'K03'),
  ('C60', 'Tebs Kecil', 6000, 'Minuman', 'K03'),
  ('C61', 'Tebs Besar', 10000, 'Minuman', 'K03'),
  ('C62', 'Goodday Cappucino', 8500, 'Minuman', 'K03'),
  ('C63', 'Pulpy Orange', 6500, 'Minuman', 'K03'),
  ('C64', 'Larutan Penyegar Cap Kaki Tiga', 9000, 'Minuman', 'K03'),
  ('C65', 'Kopi Kenangan', 9000, 'Minuman', 'K03'),
  ('C66', 'Nutrisari', 9000, 'Minuman', 'K03'),
  ('C67', 'Hilo', 9000, 'Minuman', 'K03'),
  ('C68', 'Nutriville Collagen', 10000, 'Minuman', 'K03'),
  ('C69', 'Pocari Sweat', 10000, 'Minuman', 'K03'),
  ('C70', 'Hydrococo', 10000, 'Minuman', 'K03'),
  ('C71', 'Nescafe Coffee', 10000, 'Minuman', 'K03'),
  ('C72', 'You C1000 Isotonic Drink Orange Water', 11000, 'Minuman', 'K03'),
  ('C73', 'Jelly Shake', 11000, 'Minuman', 'K03'),
  ('C74', 'Cimory Yoghurt', 11000, 'Minuman', 'K03'),
  ('C75', 'Delmonte Boba Drink', 12000, 'Minuman', 'K03'),
  ('C76', 'Ice Tea', 6000, 'Minuman', 'K04'),
  ('C77', 'Hot Tea', 5000, 'Minuman', 'K04'),
  ('C78', 'Ice Milk Tea', 7000, 'Minuman', 'K04'),
  ('C79', 'Ice Matcha', 7500, 'Minuman', 'K04'),
  ('C80', 'Hot Black Coffee', 7000, 'Minuman', 'K04'),
  ('C81', 'Ice Moccacino', 7500, 'Minuman', 'K04'),
  ('C82', 'Ice Cappucino', 7500, 'Minuman', 'K04'),
  ('C83', 'Hot Milk Coffee', 7000, 'Minuman', 'K04'),
  ('C84', 'Ice Good day Freeze', 7500, 'Minuman', 'K04'),
  ('C85', 'Dark Chocolate', 7500, 'Minuman', 'K04'),
  ('C86', 'Delmonte Boba Drink', 12000, 'Minuman', 'K04'),
  ('C87', 'Es Jeruk', 6000, 'Minuman', 'K04'),
  ('C88', 'Ice Blend Green Tea Latte', 12000, 'Minuman', 'K04'),
  ('C89', 'Ice Blend Chocolate', 12000, 'Minuman', 'K04'),
  ('C90', 'Ice Blend Cappucino', 12000, 'Minuman', 'K04'),
  ('C91', 'Ice Blend Red Velvet', 12000, 'Minuman', 'K04');

--DATA KARYAWAN
INSERT INTO karyawan (k_nik,k_nama,k_jenis_kelamin,k_email,k_umur,k_no_telp, kedai_ked_id) VALUES
  ('1264683115471700', 'Carol Williams', 'L', 'wcarol@example.org', 29, '082542333815', 'K02'),
  ('4246321716258604', 'Sara Rogers', 'P', 'rsara@example.net', 35, '082658104522', 'K03'),
  ('6057077645410277', 'Anthony Murphy', 'P', 'manthony@example.net', 23, '082564889565', 'K01'),
  ('2508714836124945', 'Janet Kirk', 'P', 'kjanet@example.org', 25, '082601792606', 'K01'),
  ('9298557228857178', 'Jennifer Buchanan', 'L', 'bjennifer@example.org', 40, '082705139266', 'K02'),
  ('9892486148938912', 'Patricia Martinez', 'P', 'mpatricia@example.net', 37, '082495875645', 'K03')
  ('5612871662187826', 'Liam Miller', 'P', 'millerl@example.org', 41, '086167895070', 'K04'),
  ('7274267390586417', 'Gary Monroe', 'L', 'monroeg@example.net', 28, '082314253748', 'K04');

--DATA TRANSAKSI
INSERT INTO TRANSAKSI (T_ID, T_TANGGAL_TRANSAKSI, T_METODE_PEMBAYARAN, CUSTOMER_C_NRP, KARYAWAN_K_NIK) VALUES
('TR00000001', '01/02/2023', 'E-wallet', '5025251181', '6057077645410277'),
('TR00000002', '01/03/2023', 'Kartu kredit', '5025244442', '7274267390586417'),
('TR00000003', '01/04/2023', 'E-wallet', '5025244544', '9298557228857178'),
('TR00000004', '01/05/2023', 'E-wallet', '5025276052', '9298557228857178'),
('TR00000005', '01/06/2023', 'Tunai', '5025251181', '2508714836124945'),
('TR00000006', '01/07/2023', 'Kartu debit', '5025244442', '5612871662187826'),
('TR00000007', '01/08/2023', 'Transfer bank', '5025250319', '2508714836124945'),
('TR00000008', '01/09/2023', 'Kartu kredit', '5025250564', '1264683115471700'),
('TR00000009', '01/11/2023', 'Transfer bank', '5025249041', '1264683115471700'),
('TR00000010', '01/12/2023', 'Tunai', '5025267994', '9892486148938912'),
('TR00000011', '01/13/2023', 'Kartu debit', '5025265722', '4246321716258604'),
('TR00000012', '01/14/2023', 'Tunai', '5025272956', '7274267390586417'),
('TR00000013', '01/15/2023', 'E-wallet', '5025244544', '7274267390586417'),
('TR00000014', '01/16/2023', 'Kartu kredit', '5025276052', '1264683115471700'),
('TR00000015', '01/17/2023', 'Kartu debit', '5025265722', '1264683115471700'),
('TR00000016', '01/18/2023', 'Transfer bank', '5025257144', '9892486148938912'),
('TR00000017', '01/19/2023', 'Tunai', '5025244517', '9892486148938912'),
('TR00000018', '01/21/2023', 'Transfer bank', '5025266819', '2508714836124945'),
('TR00000019', '01/22/2023', 'E-wallet', '5025251181', '9892486148938912'),
('TR00000020', '01/23/2023', 'E-wallet', '5025277845', '4246321716258604'),
('TR00000021', '01/24/2023', 'Tunai', '5025260863', '2508714836124945'),
('TR00000022', '01/25/2023', 'Kartu debit', '5025255025', '9892486148938912'),
('TR00000023', '01/26/2023', 'E-wallet', '5025276816', '9298557228857178'),
('TR00000024', '01/27/2023', 'E-wallet', '5025249041', '9892486148938912'),
('TR00000025', '01/28/2023', 'Transfer bank', '5025244517', '7274267390586417'),
('TR00000026', '01/29/2023', 'E-wallet', '5025257144', '9892486148938912'),
('TR00000027', '01/31/2023', 'Transfer bank', '5025266819', '2508714836124945'),
('TR00000028', '02/01/2023', 'Kartu debit', '5025267537', '9298557228857178'),
('TR00000029', '02/02/2023', 'E-wallet', '5025271418', '4246321716258604'),
('TR00000030', '02/03/2023', 'Kartu debit', '5025260863', '9298557228857178'),
('TR00000031', '02/04/2023', 'Transfer bank', '5025267974', '9298557228857178'),
('TR00000032', '02/05/2023', 'E-wallet', '5025244442', '9892486148938912'),
('TR00000033', '02/06/2023', 'Kartu kredit', '5025271418', '7274267390586417'),
('TR00000034', '02/07/2023', 'Kartu kredit', '5025261227', '2508714836124945'),
('TR00000035', '02/08/2023', 'Transfer bank', '5025257144', '2508714836124945'),
('TR00000036', '02/10/2023', 'Kartu debit', '5025240184', '2508714836124945'),
('TR00000037', '02/11/2023', 'Transfer bank', '5025244853', '9892486148938912'),
('TR00000038', '02/12/2023', 'Tunai', '5025261227', '9892486148938912'),
('TR00000039', '02/13/2023', 'Transfer bank', '5025270931', '6057077645410277'),
('TR00000040', '02/14/2023', 'E-wallet', '5025264138', '9892486148938912'),
('TR00000041', '02/15/2023', 'Kartu debit', '5025244853', '9298557228857178'),
('TR00000042', '02/16/2023', 'Kartu kredit', '5025276816', '7274267390586417'),
('TR00000043', '02/17/2023', 'Tunai', '5025267537', '9892486148938912'),
('TR00000044', '02/18/2023', 'Kartu kredit', '5025253150', '5612871662187826'),
('TR00000045', '02/20/2023', 'Tunai', '5025248555', '4246321716258604'),
('TR00000046', '02/21/2023', 'Kartu debit', '5025255025', '1264683115471700'),
('TR00000047', '02/22/2023', 'Kartu debit', '5025245152', '4246321716258604'),
('TR00000048', '02/23/2023', 'Kartu debit', '5025263419', '7274267390586417'),
('TR00000049', '02/24/2023', 'E-wallet', '5025270931', '2508714836124945'),
('TR00000050', '02/25/2023', 'Kartu kredit', '5025276816', '1264683115471700'),
('TR00000051', '02/26/2023', 'Kartu debit', '5025267974', '5612871662187826'),
('TR00000052', '02/27/2023', 'Transfer bank', '5025276657', '4246321716258604'),
('TR00000053', '02/28/2023', 'E-wallet', '5025255453', '7274267390586417'),
('TR00000054', '03/02/2023', 'Kartu kredit', '5025253150', '9298557228857178'),
('TR00000055', '03/03/2023', 'Kartu kredit', '5025250319', '7274267390586417'),
('TR00000056', '03/04/2023', 'Kartu kredit', '5025251951', '9892486148938912'),
('TR00000057', '03/05/2023', 'Kartu debit', '5025267537', '7274267390586417'),
('TR00000058', '03/06/2023', 'E-wallet', '5025267994', '5612871662187826'),
('TR00000059', '03/07/2023', 'E-wallet', '5025272956', '9892486148938912'),
('TR00000060', '03/08/2023', 'E-wallet', '5025257144', '9298557228857178'),
('TR00000061', '03/09/2023', 'Tunai', '5025240184', '1264683115471700'),
('TR00000062', '03/10/2023', 'E-wallet', '5025267974', '2508714836124945'),
('TR00000063', '03/12/2023', 'Transfer bank', '5025250319', '4246321716258604'),
('TR00000064', '03/13/2023', 'Kartu debit', '5025255453', '5612871662187826'),
('TR00000065', '03/14/2023', 'Kartu kredit', '5025245152', '4246321716258604'),
('TR00000066', '03/15/2023', 'Transfer bank', '5025244517', '9892486148938912'),
('TR00000067', '03/16/2023', 'E-wallet', '5025260863', '2508714836124945'),
('TR00000068', '03/17/2023', 'Transfer bank', '5025260863', '1264683115471700'),
('TR00000069', '03/18/2023', 'E-wallet', '5025267974', '9892486148938912'),
('TR00000070', '03/19/2023', 'Kartu kredit', '5025251951', '1264683115471700'),
('TR00000071', '03/20/2023', 'Transfer bank', '5025244442', '4246321716258604'),
('TR00000072', '03/22/2023', 'Kartu debit', '5025261096', '1264683115471700'),
('TR00000073', '03/23/2023', 'Tunai', '5025261227', '9298557228857178'),
('TR00000074', '03/24/2023', 'Transfer bank', '5025271424', '2508714836124945'),
('TR00000075', '03/25/2023', 'Kartu kredit', '5025278700', '9298557228857178'),
('TR00000076', '03/26/2023', 'Transfer bank', '5025271424', '2508714836124945'),
('TR00000077', '03/27/2023', 'Tunai', '5025255025', '4246321716258604'),
('TR00000078', '03/28/2023', 'E-wallet', '5025264138', '4246321716258604'),
('TR00000079', '03/29/2023', 'Kartu debit', '5025244517', '5612871662187826'),
('TR00000080', '01/01/2023', 'Transfer bank', '5025276816', '1264683115471700');
('TR00000002', '01/02/2023', 'Kartu kredit', '5025244442', '7274267390586417'),
('TR00000003', '01/02/2023', 'E-wallet', '5025244544', '9298557228857178'),
('TR00000004', '01/02/2023', 'E-wallet', '5025276052', '9298557228857178'),
('TR00000005', '01/03/2023', 'Tunai', '5025251181', '2508714836124945'),
('TR00000006', '01/03/2023', 'Kartu debit', '5025244442', '5612871662187826'),
('TR00000007', '01/03/2023', 'Transfer bank', '5025250319', '2508714836124945'),
('TR00000008', '01/04/2023', 'Kartu kredit', '5025250564', '1264683115471700'),
('TR00000009', '01/04/2023', 'Transfer bank', '5025249041', '1264683115471700'),
('TR00000010', '01/04/2023', 'Tunai', '5025267994', '9892486148938912'),
('TR00000011', '01/05/2023', 'Kartu debit', '5025265722', '4246321716258604'),
('TR00000012', '01/06/2023', 'Tunai', '5025272956', '7274267390586417'),
('TR00000013', '01/06/2023', 'E-wallet', '5025244544', '7274267390586417'),
('TR00000014', '01/06/2023', 'Kartu kredit', '5025276052', '1264683115471700'),
('TR00000015', '01/09/2023', 'Kartu debit', '5025265722', '1264683115471700'),
('TR00000016', '01/09/2023', 'Transfer bank', '5025257144', '9892486148938912'),
('TR00000017', '01/10/2023', 'Tunai', '5025244517', '9892486148938912'),
('TR00000018', '01/11/2023', 'Transfer bank', '5025266819', '2508714836124945'),
('TR00000019', '01/12/2023', 'E-wallet', '5025251181', '9892486148938912'),
('TR00000020', '01/12/2023', 'E-wallet', '5025277845', '4246321716258604'),
('TR00000021', '01/13/2023', 'Tunai', '5025260863', '2508714836124945'),
('TR00000022', '01/13/2023', 'Kartu debit', '5025255025', '9892486148938912'),
('TR00000023', '01/16/2023', 'E-wallet', '5025276816', '9298557228857178'),
('TR00000024', '01/16/2023', 'E-wallet', '5025249041', '9892486148938912'),
('TR00000025', '01/16/2023', 'Transfer bank', '5025244517', '7274267390586417'),
('TR00000026', '01/17/2023', 'E-wallet', '5025257144', '9892486148938912'),
('TR00000027', '01/18/2023', 'Transfer bank', '5025266819', '2508714836124945'),
('TR00000028', '01/18/2023', 'Kartu debit', '5025267537', '9298557228857178'),
('TR00000029', '01/19/2023', 'E-wallet', '5025271418', '4246321716258604'),
('TR00000030', '01/19/2023', 'Kartu debit', '5025260863', '9298557228857178'),
('TR00000031', '01/20/2023', 'Transfer bank', '5025267974', '9298557228857178'),
('TR00000032', '01/23/2023', 'E-wallet', '5025244442', '9892486148938912'),
('TR00000033', '01/23/2023', 'Kartu kredit', '5025271418', '7274267390586417'),
('TR00000034', '01/23/2023', 'Kartu kredit', '5025261227', '2508714836124945'),
('TR00000035', '01/24/2023', 'Transfer bank', '5025257144', '2508714836124945'),
('TR00000036', '01/24/2023', 'Kartu debit', '5025240184', '2508714836124945'),
('TR00000037', '01/25/2023', 'Transfer bank', '5025244853', '9892486148938912'),
('TR00000038', '01/25/2023', 'Tunai', '5025261227', '9892486148938912'),
('TR00000039', '01/26/2023', 'Transfer bank', '5025270931', '6057077645410277'),
('TR00000040', '01/27/2023', 'E-wallet', '5025264138', '9892486148938912'),
('TR00000041', '01/30/2023', 'Kartu debit', '5025244853', '9298557228857178'),
('TR00000042', '01/30/2023', 'Kartu kredit', '5025276816', '7274267390586417'),
('TR00000043', '01/30/2023', 'Tunai', '5025267537', '9892486148938912'),
('TR00000044', '01/30/2023', 'Kartu kredit', '5025253150', '5612871662187826'),
('TR00000045', '01/31/2023', 'Tunai', '5025248555', '4246321716258604'),
('TR00000046', '01/31/2023', 'Kartu debit', '5025255025', '1264683115471700'),
('TR00000047', '01/31/2023', 'Kartu debit', '5025245152', '4246321716258604'),
('TR00000048', '01/31/2023', 'Kartu debit', '5025263419', '7274267390586417'),
('TR00000049', '02/01/2023', 'E-wallet', '5025270931', '2508714836124945'),
('TR00000050', '02/01/2023', 'Kartu kredit', '5025276816', '1264683115471700'),
('TR00000051', '02/01/2023', 'Kartu debit', '5025267974', '5612871662187826'),
('TR00000052', '02/01/2023', 'Transfer bank', '5025276657', '4246321716258604'),
('TR00000053', '02/02/2023', 'E-wallet', '5025255453', '7274267390586417'),
('TR00000054', '02/02/2023', 'Kartu kredit', '5025253150', '9298557228857178'),
('TR00000055', '02/02/2023', 'Kartu kredit', '5025250319', '7274267390586417'),
('TR00000056', '02/03/2023', 'Kartu kredit', '5025251951', '9892486148938912'),
('TR00000057', '02/03/2023', 'Kartu debit', '5025267537', '7274267390586417'),
('TR00000058', '02/03/2023', 'E-wallet', '5025267994', '5612871662187826'),
('TR00000059', '02/06/2023', 'E-wallet', '5025272956', '9892486148938912'),
('TR00000060', '02/06/2023', 'E-wallet', '5025257144', '9298557228857178'),
('TR00000061', '02/06/2023', 'Tunai', '5025240184', '1264683115471700'),
('TR00000062', '02/07/2023', 'E-wallet', '5025267974', '2508714836124945'),
('TR00000063', '02/07/2023', 'Transfer bank', '5025250319', '4246321716258604'),
('TR00000064', '02/08/2023', 'Kartu debit', '5025255453', '5612871662187826'),
('TR00000065', '02/09/2023', 'Kartu kredit', '5025245152', '4246321716258604'),
('TR00000066', '02/09/2023', 'Transfer bank', '5025244517', '9892486148938912'),
('TR00000067', '02/09/2023', 'E-wallet', '5025260863', '2508714836124945'),
('TR00000068', '02/10/2023', 'Transfer bank', '5025260863', '1264683115471700'),
('TR00000069', '02/10/2023', 'E-wallet', '5025267974', '9892486148938912'),
('TR00000070', '02/10/2023', 'Kartu kredit', '5025251951', '1264683115471700'),
('TR00000071', '02/13/2023', 'Transfer bank', '5025244442', '4246321716258604'),
('TR00000072', '02/14/2023', 'Kartu debit', '5025261096', '1264683115471700'),
('TR00000073', '02/14/2023', 'Tunai', '5025261227', '9298557228857178'),
('TR00000074', '02/14/2023', 'Transfer bank', '5025271424', '2508714836124945'),
('TR00000075', '02/15/2023', 'Kartu kredit', '5025278700', '9298557228857178'),
('TR00000076', '02/15/2023', 'Transfer bank', '5025271424', '2508714836124945'),
('TR00000077', '02/15/2023', 'Tunai', '5025255025', '4246321716258604'),
('TR00000078', '02/15/2023', 'E-wallet', '5025264138', '4246321716258604'),
('TR00000079', '02/16/2023', 'Kartu debit', '5025244517', '5612871662187826'),
('TR00000080', '02/16/2023', 'Transfer bank', '5025276816', '1264683115471700');

--TABEL MEMBERSHIP
INSERT INTO MEMBERSHIP (M_ID_MEMBERSHIP,M_NO_TELP,M_ALAMAT,M_TANGGAL_BERGABUNG,M_TANGGAL_KADLUWARSA, CUSTOMER_C_NRP) VALUES
('MEM0000001', '088433239636', 'Batam', '01/01/2023', '04/01/2023', '5025250564'),
('MEM0000002', '083364138506', 'Palembang', '01/08/2023', '04/08/2023', '5025261227'),
('MEM0000003', '083969648928', 'Batam', '01/11/2023', '04/11/2023', '5025276657'),
('MEM0000004', '080158011507', 'Depok', '01/17/2023', '04/17/2023', '5025272956'),
('MEM0000005', '087643389745', 'Palembang', '01/17/2023', '04/17/2023', '5025240184'),
('MEM0000006', '081934249879', 'Depok', '01/19/2023', '04/19/2023', '5025244442'),
('MEM0000007', '084155431201', 'Makassar', '01/27/2023', '04/27/2023', '5025264138'),
('MEM0000008', '080407577915', 'Semarang', '01/30/2023', '04/30/2023', '5025266819'),
('MEM0000009', '089173021786', 'Medan', '01/30/2023', '04/30/2023', '5025249041'),
('MEM0000010', '089013516382', 'Makassar', '01/30/2023', '04/30/2023', '5025267537'),
('MEM0000011', '084455581514', 'Batam', '02/11/2023', '05/12/2023', '5025245152'),
('MEM0000012', '089489339412', 'Palembang', '02/13/2023', '05/14/2023', '5025261096'),
('MEM0000013', '084249424648', 'Bandung', '02/14/2023', '05/15/2023', '5025255025'),
('MEM0000014', '085003593273', 'Semarang', '02/21/2023', '05/22/2023', '5025267974'),
('MEM0000015', '089129406652', 'Surabaya', '02/22/2023', '05/23/2023', '5025271418'),
('MEM0000016', '084776510811', 'Depok', '02/26/2023', '05/27/2023', '5025277845'),
('MEM0000017', '083987613629', 'Batam', '02/27/2023', '05/28/2023', '5025265722'),
('MEM0000018', '087136512040', 'Batam', '03/01/2023', '05/30/2023', '5025270931'),
('MEM0000019', '083119005180', 'Bandung', '03/03/2023', '06/01/2023', '5025276968'),
('MEM0000020', '086466460319', 'Batam', '03/06/2023', '06/04/2023', '5025253185'),
('MEM0000021', '089836273142', 'Bandung', '03/08/2023', '06/06/2023', '5025276052'),
('MEM0000022', '089502196900', 'Depok', '03/09/2023', '06/07/2023', '5025244853'),
('MEM0000023', '089549005691', 'Bandung', '03/19/2023', '06/17/2023', '5025257144'),
('MEM0000024', '083817694658', 'Semarang', '03/27/2023', '06/25/2023', '5025241114'),
('MEM0000025', '081063664527', 'Medan', '03/28/2023', '06/26/2023', '5025260863'),
('MEM0000026', '081704193302', 'Tangerang', '03/30/2023', '06/28/2023', '5025250319'),
('MEM0000027', '082590803823', 'Depok', '03/31/2023', '06/29/2023', '5025271424');

-- DATA MEJA
INSERT INTO MEJA (ME_ID, ME_KAPASITAS, ME_STATUS) VALUES 
  ('M01', 4, '1'),
  ('M02', 2, '1'),
  ('M03', 4, '0'),
  ('M04', 2, '0'),
  ('M05', 4, '1'),
  ('M06', 4, '1'),
  ('M07', 6, '0'),
  ('M08', 2, '1'),
  ('M09', 4, '0'),
  ('M10', 6, '1');
